,Stock,Ltp,D+1,D+2,D+3,D+4,D+5,D+6,D+7,D+10,D+15,D+20,D+25,D+30,D+45,D+60,D+90,D+0-Vol,D+1-Vol,D+2-Vol,D+3-Vol,D+4-Vol,D+5-Vol,D+6-Vol,D+7-Vol
0,,2022-10-31,2022-10-28,2022-10-27,2022-10-25,2022-10-24,2022-10-21,2022-10-20,2022-10-19,2022-10-17,2022-10-10,2022-09-30,2022-09-23,2022-09-16,2022-08-25,2022-08-02,2022-06-21,2022-10-31,2022-10-28,2022-10-27,2022-10-25,2022-10-24,2022-10-21,2022-10-20,2022-10-19
1,TTFl.BSE,108.05,110.0,105.45,108.7,112.05,111.8,115.1,114.6,108.85,108.75,129.1,144.35,186.4,126.0,110.9,110.05,12054.0,14144.0,8647.0,14654.0,3225.0,15153.0,13870.0,21642.0
2,JPPOWER.BSE,7.49,7.49,7.51,7.56,7.75,7.82,7.9,7.92,7.61,8.46,7.39,8.04,8.18,7.73,7.2,6.11,12080534.0,10722077.0,17612485.0,23212319.0,6591579.0,17363270.0,26630133.0,20992230.0
3,ASHSI.BSE,30.95,29.5,28.1,26.8,24.4,22.2,20.2,20.1,20.6,20.1,19.5,20.4,22.65,20.95,15.7,16.25,2672.0,17407.0,9409.0,20480.0,45016.0,12112.0,4368.0,1380.0
4,TATAPOWER.BSE,225.95,225.0,225.9,220.7,219.0,218.6,220.6,218.45,217.9,220.3,216.5,224.6,236.7,229.2,232.6,204.55,976283.0,1659395.0,1567781.0,2388430.0,402934.0,375715.0,915097.0,943954.0
5,ABB.BSE,3047.5,2961.55,3039.05,3054.8999,3052.8999,3037.55,3133.45,3238.1001,3196.95,3232.1001,3090.3999,3131.6001,3178.3501,3142.8501,2756.6499,2229.5,10740.0,9887.0,4184.0,7996.0,706.0,18055.0,13385.0,4174.0
6,AEGISLOG.BSE,310.1,310.75,317.7,299.95,299.65,299.2,294.35,301.75,274.85,279.3,264.15,262.8,281.05,267.55,271.85,204.7,58898.0,106027.0,418487.0,58610.0,54612.0,35822.0,79076.0,411824.0
7,AMARAJABAT.BSE,512.75,504.0,508.75,508.4,495.35,491.9,488.65,485.25,489.7,495.65,491.05,503.3,510.35,517.9,506.15,464.3,37610.0,9469.0,20874.0,67813.0,4521.0,30275.0,22001.0,15168.0
8,AMBALALSA.BSE,30.1,29.85,30.4,30.7,29.35,29.4,29.5,29.2,29.45,29.9,29.95,29.1,30.15,28.95,30.1,29.35,75556.0,35861.0,48915.0,212109.0,51026.0,22733.0,95575.0,45197.0
9,HDFC.BSE,2469.75,2400.45,2383.8501,2356.7,2392.1499,2355.25,2366.1499,2381.3501,2348.6499,2299.75,2289.5,2352.8,2405.3501,2423.95,2351.1001,2175.3,127303.0,97944.0,71826.0,19748.0,23618.0,19732.0,67868.0,125405.0
10,ANDHRAPET.BSE,87.6,88.55,88.7,89.25,88.7,90.9,90.85,90.85,90.7,90.5,91.4,88.7,94.35,85.05,90.35,78.95,58573.0,54913.0,53540.0,80622.0,54643.0,60898.0,52443.0,51611.0
11,ANSALAPI.BSE,28.2,29.15,30.65,29.45,28.05,26.75,25.5,24.3,22.15,20.25,21.3,22.25,23.9,16.0,15.9,12.27,89665.0,41475.0,101005.0,34681.0,19305.0,11236.0,195119.0,48917.0
12,UTIQUE.BSE,8.17,8.28,8.33,8.35,8.06,8.2,7.95,7.83,8.01,7.91,8.4,8.57,9.28,8.27,5.02,5.36,87521.0,27210.0,20189.0,51620.0,36653.0,6121.0,16199.0,20836.0
13,ARUNAHTEL.BSE,16.25,16.45,16.9,17.2,16.85,16.8,16.25,16.6,16.8,16.85,16.1,16.41,18.0,14.46,14.48,11.83,4466.0,8357.0,6512.0,2835.0,10336.0,580.0,3738.0,3660.0
14,BOMDYEING.BSE,79.75,81.55,84.0,85.75,86.7,84.1,96.15,96.4,96.65,96.75,95.95,96.65,100.55,101.65,101.1,92.25,204677.0,335273.0,129336.0,263583.0,425295.0,451711.0,128449.0,71404.0
15,ASIANHOTNR.BSE,92.6,94.35,90.0,89.05,88.7,89.75,90.05,92.15,90.75,95.85,91.0,87.35,91.95,90.6,82.55,84.5,8957.0,16631.0,118.0,214.0,7.0,2131.0,2885.0,20.0
16,ATUL.BSE,8365.0,8312.1504,8401.5,8200.2002,8381.5,8437.0498,8662.5,8650.1504,8741.8496,8761.5498,9010.1504,9273.25,9232.8496,9078.7998,9147.9502,8016.75,474.0,1686.0,1246.0,24853.0,468.0,3407.0,693.0,282.0
17,ATVPR.BSE,9.74,9.93,10.0,10.35,10.14,9.66,9.2,9.21,9.48,10.07,10.43,9.78,9.83,9.46,9.73,7.0,7101.0,10638.0,14419.0,10350.0,25839.0,16020.0,5249.0,9574.0
18,BAJAJELEC.BSE,1167.3,1160.2,1155.4,1147.7,1162.9,1162.7,1174.5,1162.3,1149.05,1183.85,1203.6,1072.5,1125.15,1248.3,1130.9,925.7,3570.0,1845.0,7752.0,129206.0,1085.0,9303.0,6637.0,19622.0
19,BAJAJHIND.BSE,10.48,10.27,10.19,10.38,10.42,10.51,10.39,10.43,10.58,10.98,10.27,10.36,10.91,9.96,11.07,12.62,1784123.0,1372651.0,878027.0,920356.0,1159617.0,245583.0,1249631.0,1178111.0
20,FORCEMOT.BSE,1376.5,1357.45,1313.5,1295.95,1310.0,1271.45,1243.95,1315.2,1358.75,1277.2,1215.0,1225.2,1380.7,1225.0,1054.5,930.45,16833.0,9215.0,11843.0,14724.0,4376.0,1290.0,6124.0,19611.0
21,BAJFINANCE.BSE,7139.7002,7010.0,6967.8501,7104.1499,7208.2998,7191.8501,7429.25,7378.3999,7355.3501,7289.4502,7337.5498,7506.7002,7289.8501,7045.1499,7341.0,5552.1,69413.0,39771.0,55337.0,52209.0,9439.0,95669.0,21557.0,76342.0
22,BALRAMCHIN.BSE,316.0,310.25,332.25,331.7,335.9,332.75,340.3,341.1,349.75,357.9,347.35,360.9,357.5,351.25,400.45,363.25,174608.0,300485.0,34510.0,43945.0,5314.0,39980.0,20581.0,31511.0
23,BANCOINDIA.BSE,192.95,189.1,194.55,189.3,180.05,179.0,179.9,180.0,180.45,186.25,183.25,187.95,203.35,255.4,194.2,164.25,11232.0,11036.0,18480.0,48680.0,2228.0,19907.0,17501.0,12894.0
24,CENTURYTEX.BSE,847.05,856.2,870.3,877.05,814.1,836.5,837.05,851.55,817.5,814.85,799.8,812.4,882.75,855.3,844.7,737.55,5741.0,7570.0,5787.0,42413.0,4778.0,4090.0,11231.0,7558.0
25,BANARISUG.BSE,2807.8501,2805.1499,2839.0,2832.0,2857.3999,2808.1499,2835.8,2819.0,2820.8,2898.8501,2874.8999,2900.0,2981.45,2822.25,2478.15,2109.6,95.0,54.0,5.0,71.0,28.0,26.0,81.0,14.0
26,BASF.BSE,2942.8,2869.8999,2761.0,2811.95,2837.05,2880.05,2815.25,2814.1499,2880.25,2852.5,2991.0,2892.2,2977.25,3358.3,2866.2,2541.45,4841.0,2868.0,1008.0,882.0,1537.0,1238.0,641.0,1376.0
27,BATAINDIA.BSE,1829.1,1812.7,1806.45,1799.85,1813.6,1814.2,1816.15,1838.85,1839.55,1782.1,1820.5,1855.55,1839.7,1867.95,1999.6,1659.25,3259.0,36718.0,4106.0,162166.0,2942.0,21150.0,7060.0,9737.0
28,BEML.BSE,1557.35,1575.65,1568.95,1578.6,1558.95,1593.5,1592.25,1634.2,1564.75,1530.4,1468.0,1492.6,1523.3,1485.0014,1156.6051,981.2259,1232.0,1672.0,1291.0,9726.0,19562.0,759.0,2950.0,7054.0
29,BEL.BSE,106.8,105.35,107.85,104.95,104.9,103.6,108.0,105.85,101.85,104.4,101.0,106.75,111.2,296.7497,281.8997,230.3498,681622.0,901116.0,856569.0,3796208.0,327401.0,908943.0,916360.0,1323809.0
30,BEPL.BSE,110.0,109.3,108.45,109.5,109.6,110.35,107.15,108.3,109.3,116.55,115.45,114.95,125.2,123.0,108.95,103.9,6794.0,12294.0,8337.0,18297.0,28246.0,17518.0,87406.0,21613.0
31,BIHSPONG.BSE,8.72,8.62,8.59,8.45,8.54,8.28,8.45,8.36,8.52,8.67,8.6,8.8,8.74,8.72,8.82,8.43,9461.0,13780.0,4586.0,9288.0,10685.0,4986.0,10723.0,4779.0
32,BIRLACABLE.BSE,146.4,144.2,132.85,131.3,133.35,130.65,130.1,131.35,129.45,139.55,128.2,132.9,140.05,120.3,136.9,104.35,72545.0,16311.0,4823.0,6707.0,2360.0,2044.0,2119.0,10581.0
33,BLUESTARCO.BSE,1227.4,1234.45,1221.5,1222.9,1213.05,1213.65,1211.45,1204.9,1210.1,1165.8,1127.0,1092.35,1055.1,1086.55,970.8,949.15,10341.0,3585.0,471470.0,7018.0,138428.0,788.0,4623.0,5522.0
34,DISAQ.BSE,7802.3501,7700.0,7773.6001,7764.0498,7802.3999,7724.7002,7677.0,7799.9502,7699.25,8061.2002,7499.8999,7553.5,7778.5,7974.15,7603.2,5992.25,143.0,367.0,60.0,27.0,37.0,200.0,334.0,162.0
35,QUESTCAP.BSE,224.5,232.45,235.3,227.85,227.95,228.0,224.2,222.2,223.0,222.15,228.65,227.35,245.3,241.4,244.45,223.3,188.0,415.0,285.0,565.0,857.0,90.0,729.0,1087.0
36,BPL.BSE,69.95,68.85,68.9,69.8,70.4,71.8,70.35,70.1,73.65,70.85,68.65,68.35,76.2,69.05,68.4,65.75,15590.0,10771.0,16452.0,12143.0,11197.0,3667.0,26058.0,11882.0
37,OAL.BSE,461.65,461.35,456.2,462.4,462.25,455.45,465.45,460.9,480.45,501.95,504.5,515.95,532.55,516.0,528.2,520.0,625.0,763.0,1203.0,549.0,82.0,2005.0,850.0,3630.0
38,CENTEXT.BSE,11.05,10.99,11.04,11.24,10.96,11.1,10.94,10.71,11.19,11.36,11.68,11.49,11.79,12.03,10.22,9.01,16883.0,18455.0,4782.0,14970.0,23165.0,5497.0,6718.0,52232.0
39,CESC.BSE,76.2,76.85,77.2,77.9,77.95,78.7,77.85,77.9,78.75,77.1,78.0,78.15,81.3,80.0,80.65,69.05,150378.0,98564.0,58150.0,94358.0,70313.0,14322.0,138522.0,93092.0
40,CHAMBLFERT.BSE,326.2,316.7,324.15,326.8,327.1,324.55,327.35,322.9,327.85,318.5,320.55,329.55,341.95,327.7,330.05,292.35,90406.0,48714.0,58840.0,492887.0,3249.0,25423.0,57137.0,20771.0
41,EXIDEIND.BSE,165.5,165.05,166.45,164.1,159.85,159.0,157.0,155.9,154.7,156.95,156.75,158.5,167.55,158.2,158.25,136.05,70637.0,221226.0,129205.0,1627095.0,61468.0,238109.0,125857.0,120985.0
42,CIPLA.BSE,1166.2,1154.95,1165.3,1155.7,1146.45,1134.4,1137.55,1122.1,1108.0,1119.4,1115.2,1067.8,1045.3,1025.45,1003.55,937.0,45806.0,17812.0,30859.0,452930.0,4696.0,35346.0,49076.0,32452.0
43,DICIND.BSE,423.0,405.0,405.0,405.0,407.45,407.45,409.75,412.0,417.8,423.8,389.0,386.15,383.95,384.2,377.35,358.9,70.0,300.0,0.0,79.0,0.0,393.0,12.0,8.0
44,CRISIL.BSE,2996.55,2971.2,3004.8,2991.8,2969.0,2929.7,2959.0,3051.1499,3078.2,3138.2,3263.8,3284.95,3182.7,3401.2,3197.05,3030.55,1649.0,3340.0,4170.0,2594.0,784.0,3789.0,5515.0,882.0
45,CGPOWER.BSE,261.9,260.25,254.05,252.4,254.55,256.4,254.2,259.75,260.75,250.15,228.95,246.7,239.9,226.9,232.15,176.8,273311.0,80545.0,203587.0,138516.0,1078756.0,20778.0,125789.0,149837.0
46,DABUR.BSE,554.55,550.9,549.35,532.1,537.1,537.55,535.4,526.15,529.75,529.0,572.55,567.7,546.8,580.0,578.35,506.3,38273.0,87585.0,94084.0,590623.0,9066.0,31551.0,62205.0,74300.0
47,DALMIASUG.BSE,316.65,314.45,322.15,318.0,325.85,320.55,327.2,324.15,331.95,336.75,324.9,336.25,337.1,340.9,359.95,306.1,1178.0,9892.0,6510.0,4186.0,1379.0,9914.0,3710.0,1387.0
48,ARVIND.BSE,92.95,92.7,93.05,93.35,92.6,94.35,92.95,93.75,95.8,95.05,93.95,96.15,103.25,99.4,97.05,85.15,53115.0,66777.0,54474.0,69502.0,41421.0,76491.0,180974.0,38194.0
49,BALLARPUR.BSE,1.09,1.04,1.09,1.09,1.09,1.09,1.14,1.14,1.14,1.19,1.25,1.31,1.37,1.1,1.27,1.2,430416.0,742656.0,0.0,0.0,0.0,100447.0,0.0,0.0
50,BHEL.BSE,74.05,73.45,72.85,71.1,66.25,65.25,66.45,67.5,62.95,63.15,59.85,58.0,59.45,57.45,54.5,44.75,2652905.0,3543241.0,5210949.0,8937855.0,318723.0,2242109.0,2114289.0,6049580.0
51,HINDPETRO.BSE,212.1,213.85,211.8,210.7,209.8,207.35,206.25,205.5,201.9,210.35,216.0,220.15,233.7,241.45,243.65,223.85,121698.0,46831.0,104693.0,110403.0,735802.0,36473.0,56671.0,70944.0
52,IFCI.BSE,10.04,10.21,10.3,10.44,10.29,9.93,9.74,9.76,9.79,9.83,9.49,9.81,10.62,10.93,10.14,8.63,372970.0,326637.0,632395.0,700847.0,1754582.0,114235.0,594441.0,299804.0
53,MTNL.BSE,20.85,20.85,20.6,20.8,20.85,20.8,20.8,21.0,21.35,21.65,21.15,21.8,23.5,24.6,23.7,19.4,115941.0,120427.0,99454.0,71507.0,123408.0,42737.0,111738.0,89740.0
54,MRPL.BSE,54.2,54.1,56.7,55.9,57.1,58.85,58.0,59.3,57.05,58.25,60.35,60.25,69.65,73.1,72.2,88.0,198360.0,505514.0,349543.0,402387.0,264614.0,22216.0,192664.0,594929.0
55,CHENNPETRO.BSE,208.65,216.2,205.95,234.15,227.7,222.75,228.0,222.45,222.05,242.9,234.9,247.5,274.05,310.35,277.1,317.1,77291.0,248349.0,354516.0,177294.0,24448.0,67911.0,59417.0,78288.0
56,RELCAPITAL.BSE,10.78,11.34,11.93,11.93,11.93,11.93,12.55,12.55,12.55,13.21,13.9,14.63,15.39,14.64,13.04,12.42,463659.0,22513.0,0.0,0.0,0.0,114462.0,0.0,0.0
57,SBIN.BSE,573.8,570.75,579.55,578.15,570.35,560.8,555.4,553.2,543.9,530.3,531.05,550.45,561.6,520.55,541.85,450.7,507867.0,299442.0,643193.0,1011296.0,139821.0,718300.0,366493.0,458561.0
58,SAIL.BSE,78.7,78.9,82.5,79.4,78.45,77.85,79.6,78.45,78.3,81.9,76.75,78.15,80.65,79.9,77.5,68.8,506747.0,1307180.0,3484103.0,628694.0,238526.0,1008598.0,857816.0,861641.0
59,TITAN.BSE,2753.05,2735.5,2700.95,2670.3999,2683.3,2666.1001,2629.6499,2644.3999,2625.2,2679.6001,2606.55,2672.45,2612.3,2467.1001,2384.25,2078.45,112690.0,17627.0,80317.0,11767.0,23994.0,17801.0,17348.0,42034.0
60,DCW.BSE,59.75,60.15,60.85,60.65,58.85,59.15,58.6,57.95,59.25,59.2,50.75,51.15,54.45,47.85,36.8,34.1,316216.0,189265.0,388152.0,368545.0,156281.0,103536.0,338988.0,130722.0
61,DHAMPURSUG.BSE,204.7,198.7,197.8,201.0,203.85,207.45,205.7,212.95,216.4,222.75,211.1,215.35,219.65,230.35,231.6,214.55,75615.0,50719.0,18069.0,22328.0,31227.0,7208.0,79279.0,14956.0
62,DIAMINESQ.BSE,440.3,447.0,446.85,425.65,443.95,465.85,454.95,470.2,478.45,474.9,483.65,516.55,469.3,447.9,343.15,262.75,12355.0,23579.0,19086.0,31473.0,17711.0,6795.0,12172.0,5397.0
63,ELANTAS.BSE,4199.0498,4197.7998,4197.25,4200.8999,4191.1499,4187.6499,4152.2998,4141.25,4183.2998,4206.2002,4151.0,3987.7,4282.2998,4113.6001,4159.7002,3585.25,758.0,802.0,343.0,447.0,227.0,180.0,71.0,470.0
64,DRREDDY.BSE,4431.3999,4460.8999,4489.5498,4441.25,4377.1001,4332.25,4348.7998,4316.6499,4333.3501,4380.8999,4333.9502,4139.5,4082.1499,4241.2002,4085.8501,4271.05,47092.0,8172.0,7685.0,106878.0,2535.0,4419.0,3351.0,4584.0
65,EIDPARRY.BSE,619.7,590.8,616.8,620.35,631.7,630.2,663.2,634.5,615.25,605.5,597.6,569.05,598.15,524.8,557.05,546.45,43686.0,31555.0,24359.0,21949.0,5109.0,68528.0,58356.0,34002.0
66,PGHL.BSE,4038.85,4017.1,4023.95,4012.7,3991.15,4089.65,4004.05,4110.25,4130.0,4247.2,4006.0,4099.7,4303.45,4244.5,4384.5,3975.0,831.0,169.0,1557.0,329.0,675.0,272.0,614.0,178.0
67,ELECTCAST.BSE,40.75,40.15,41.45,39.7,39.1,39.65,39.05,40.15,38.85,40.6,36.3,34.45,36.3,35.45,34.65,27.6,235002.0,295952.0,260649.0,151944.0,127238.0,65588.0,119628.0,188333.0
68,ESABINDIA.BSE,3434.0,3368.6001,3409.3999,3445.45,3354.75,3409.6001,3408.1499,3446.1001,3509.3,3499.05,3680.0,3185.1001,3294.6001,3220.55,3199.65,3415.9,270.0,451.0,236.0,163.0,1023.0,107.0,356.0,72.0
69,EPL.BSE,153.4,153.4,157.3,158.7,158.95,160.4,157.9,158.5,157.65,160.05,172.15,165.25,174.9,166.15,168.0,149.95,4633.0,14862.0,2463.0,6128.0,31498.0,793.0,6375.0,9398.0
70,ESTER.BSE,172.8,176.2,172.4,178.6,180.1,177.55,175.65,171.1,169.75,177.3,163.45,165.6,171.2,167.7,134.1,120.5,10322.0,11098.0,37297.0,13588.0,6913.0,57619.0,9806.0,28712.0
71,FGP.BSE,7.61,7.95,7.9,7.14,7.81,6.54,8.17,7.57,8.26,7.0,7.85,7.86,8.13,7.66,7.5,7.28,634.0,2995.0,4567.0,638.0,2780.0,2000.0,974.0,536.0
72,PHCAP.BSE,76.95,76.7,85.8,87.5,85.05,86.55,89.35,86.95,85.15,83.35,80.0,81.4,81.35,83.05,80.75,59.6,5448.0,8198.0,2946.0,1946.0,504.0,297.0,1297.0,1418.0
73,FINCABLES.BSE,512.25,521.35,520.3,522.35,522.35,524.3,493.85,448.9,460.7,452.55,467.95,441.95,463.25,448.0,430.15,356.0,15025.0,8890.0,31792.0,27398.0,135347.0,49851.0,125637.0,25216.0
74,COCKERILL.BSE,1184.4,1206.8,1210.05,1211.45,1158.15,1179.95,1148.05,1171.9,1200.05,1250.5,1215.35,1205.4,1316.8,1262.8,1099.1,1032.2,905.0,411.0,958.0,4500.0,597.0,117.0,850.0,2462.0
75,UFLEX.BSE,678.4,697.5,724.1,731.9,720.65,718.3,716.45,726.25,724.95,712.05,725.65,716.8,753.85,805.15,615.05,539.05,9936.0,7056.0,4404.0,2678.0,4168.0,1273.0,8215.0,4178.0
76,FOSECOIND.BSE,2012.5,1995.9,2005.5,2023.8,1974.05,2044.0,2028.0,2077.55,1961.7,1898.5,1979.0,1880.3,1976.85,1762.05,1799.0,1443.15,302.0,166.0,78.0,164.0,291.0,20.0,157.0,608.0
77,GOLDENTOBC.BSE,79.6,78.85,78.9,76.95,78.5,80.3,76.8,77.5,80.0,79.1,79.25,79.2,85.7,81.5,85.4,78.15,905.0,1277.0,61.0,64.0,575.0,96.0,1570.0,574.0
78,GANESHBE.BSE,147.4,147.05,144.6,143.95,137.7,139.2,134.85,137.75,132.1,132.7,125.7,119.05,125.35,121.9,140.3,112.1,44262.0,31545.0,15432.0,71023.0,18019.0,16795.0,9231.0,35455.0
79,METROGLOBL.BSE,85.5,87.15,85.9,86.0,86.8,88.8,89.0,87.0,86.75,88.35,83.45,88.45,90.0,87.4,81.0,76.45,321.0,288.0,2159.0,1490.0,820.0,752.0,419.0,419.0
80,GTL.BSE,7.77,7.76,7.79,7.8,7.89,7.85,7.8,7.88,7.96,8.1,8.3,8.29,8.62,8.83,9.12,8.8,75364.0,72146.0,83358.0,117850.0,81303.0,31672.0,90236.0,44561.0
81,GODFRYPHLP.BSE,1593.2,1483.5,1470.6,1475.95,1490.2,1450.65,1419.2,1404.4,1402.05,1302.7,1133.75,1117.55,1120.65,1126.45,1164.4,1024.15,19803.0,6499.0,8457.0,5120.0,7076.0,4055.0,18227.0,7227.0
82,GODREJIND.BSE,429.8,428.05,429.25,430.95,434.85,428.15,430.35,428.25,425.2,430.05,438.85,457.55,458.7,479.2,443.55,421.15,2583.0,2341.0,3245.0,5360.0,4331.0,5501.0,4648.0,4651.0
83,KANSAINER.BSE,483.9,486.0,476.75,478.2,473.85,480.05,479.45,480.15,485.25,468.7,492.65,475.05,486.1,492.45,500.95,362.3,24360.0,11267.0,9130.0,9569.0,297110.0,4518.0,4797.0,2927.0
84,GOODRICKE.BSE,208.5,205.0,205.15,207.45,205.05,206.05,204.1,205.4,207.15,208.35,207.55,211.95,226.6,223.1,241.0,223.35,4982.0,4477.0,4735.0,2496.0,2196.0,910.0,3592.0,2432.0
85,GOODYEAR.BSE,1026.9,1020.45,1020.6,1029.7,1027.8,1026.15,1015.6,1024.8,1029.65,1018.05,1011.0,1076.05,1134.45,1025.95,1015.5,1008.3,599.0,909.0,867.0,1044.0,2043.0,2169.0,561.0,988.0
86,GTNINDS.BSE,60.75,58.5,59.4,62.1,61.9,59.75,56.95,59.3,64.85,64.5,67.9,69.2,78.9,63.3,49.0,48.8,20830.0,20647.0,11884.0,4283.0,20252.0,7090.0,14659.0,37617.0
87,GHCL.BSE,639.8,646.15,646.3,663.0,661.6,659.25,655.6,672.25,691.7,671.35,637.45,655.05,692.0,605.7,623.55,547.65,61064.0,104835.0,18809.0,72022.0,18228.0,1987.0,17980.0,30501.0
88,GFLLIMITED.BSE,68.9,67.0,67.1,68.0,68.05,69.35,68.1,68.25,69.35,69.75,68.75,69.75,74.65,71.65,77.9,65.95,1743.0,1178.0,14926.0,2207.0,1570.0,671.0,2439.0,4212.0
89,GLFL.BSE,3.35,3.25,3.16,3.32,3.49,3.38,3.23,3.23,2.96,2.65,2.8,3.6,4.18,2.89,2.76,2.94,10.0,20.0,75.0,75.0,20.0,50.0,79.0,428.0
90,HCL-INSYS.BSE,15.8,15.8,15.9,16.05,16.05,15.9,15.85,16.0,16.05,16.25,16.25,16.8,17.05,17.15,17.9,15.7,85976.0,117612.0,92642.0,66928.0,46900.0,32973.0,50682.0,31423.0
91,HDFCBANK.BSE,1496.4,1458.5,1454.25,1450.25,1460.8,1438.4,1449.2,1458.85,1446.35,1415.5,1422.4,1446.5,1493.2,1463.85,1428.85,1335.85,156232.0,118436.0,142458.0,90629.0,33316.0,157494.0,125958.0,398297.0
92,HEROMOTOCO.BSE,2676.6499,2649.2,2611.8501,2586.75,2580.7,2569.75,2564.3,2541.25,2554.1499,2573.7,2550.1001,2762.95,2684.8501,2800.1001,2770.3999,2498.9,11498.0,24645.0,14900.0,99820.0,964.0,4515.0,15213.0,3907.0
93,HFCL.BSE,82.75,76.95,78.15,78.35,80.2,77.7,76.35,74.75,74.95,79.9,72.8,72.9,75.7,72.0,67.8,55.1,2950352.0,466177.0,1391535.0,866591.0,468228.0,1524268.0,482596.0,682804.0
94,HSCL.BSE,103.1,103.85,104.15,102.75,101.75,103.45,100.9,102.95,103.6,102.2,97.05,98.85,102.95,96.15,87.85,59.7,352278.0,648482.0,510887.0,290928.0,162987.0,69495.0,350521.0,204706.0
95,HCC.BSE,14.13,13.5,13.74,13.99,13.83,13.62,13.92,13.88,14.0,15.06,13.73,12.86,12.96,12.87,13.11,11.51,2253956.0,706916.0,459623.0,866921.0,321736.0,1322699.0,786219.0,1319643.0
96,HINDOILEXP.BSE,137.85,138.0,138.65,137.75,139.05,139.25,136.45,135.85,143.0,139.2,137.1,129.7,149.4,161.55,165.65,176.95,13011.0,23940.0,24611.0,21023.0,19862.0,14873.0,25658.0,45521.0
97,AGI.BSE,337.15,328.8,316.05,323.45,323.6,325.65,320.95,324.6,330.55,325.7,323.05,359.2,364.85,289.65,279.5,191.95,54166.0,27091.0,21271.0,19743.0,12661.0,620.0,19898.0,17652.0
98,HINDZINC.BSE,283.4,283.5,283.25,284.05,284.0,283.25,281.0,278.55,280.6,286.6,265.2,272.25,275.45,285.3,269.55,247.8,18975.0,17716.0,7681.0,23567.0,29550.0,10405.0,51777.0,27246.0
99,NXTDIGITAL.BSE,387.95,388.05,385.15,380.4,393.05,395.1,388.25,393.2,391.05,421.55,429.75,412.7,447.75,486.25,404.4,361.7,1260.0,1680.0,417.0,2027.0,522.0,515.0,571.0,540.0
100,HMT.BSE,30.2,29.25,28.7,29.25,29.3,29.0,28.5,28.95,28.35,30.55,26.85,26.35,28.15,23.8,24.0,23.15,4888.0,3681.0,2401.0,9340.0,5208.0,2522.0,1353.0,4895.0
101,PRAGBOS.BSE,2.6,2.55,2.66,2.61,2.6,2.65,2.61,2.64,2.62,2.79,2.7,2.62,2.56,2.56,2.45,2.29,3747.0,11949.0,7444.0,18478.0,2995.0,701.0,9216.0,1623.0
102,HLVLTD.BSE,9.66,9.73,9.77,10.22,9.78,10.07,9.6,10.04,10.21,9.88,9.51,9.49,9.84,9.64,9.68,8.68,27287.0,9294.0,64828.0,139988.0,10827.0,16129.0,19691.0,27238.0
103,IGPL.BSE,521.65,518.25,515.0,526.65,537.55,542.25,532.45,533.0,530.25,548.8,562.5,556.3,589.4,613.15,626.8,575.1,1129.0,719.0,3742.0,2827.0,694.0,1486.0,1389.0,2154.0
104,INDIAGLYCO.BSE,798.65,746.85,766.9,781.95,779.8,794.6,792.8,814.45,775.25,814.95,819.85,831.35,918.55,891.85,859.7,655.8,170912.0,10478.0,10566.0,5303.0,4173.0,1012.0,4186.0,2271.0
105,INDLEASE.BSE,6.56,6.68,7.03,7.4,7.35,7.0,6.67,7.0,7.37,7.07,5.56,5.48,6.19,7.25,7.09,6.0,1117.0,290.0,1006.0,367.0,621.0,10.0,2507.0,2863.0
106,MARGOFIN.BSE,23.45,24.05,24.4,24.3,22.0,24.75,23.4,22.05,24.0,24.0,25.3,25.45,25.0,26.9,26.85,25.85,1037.0,1158.0,3855.0,370.0,714.0,4.0,334.0,867.0
107,INDORAMA.BSE,60.1,59.1,58.5,58.45,57.55,58.95,58.0,58.9,60.6,58.35,55.5,57.3,59.8,62.5,61.5,61.3,4813.0,9224.0,9723.0,4158.0,2075.0,6366.0,16469.0,8821.0
108,INFY.BSE,1537.9,1512.6,1522.6,1525.75,1517.4,1500.1,1500.3,1485.0,1490.2,1462.7,1413.1,1365.25,1379.15,1518.85,1542.9,1450.0,100694.0,48743.0,105720.0,2696093.0,54354.0,63418.0,74073.0,80107.0
109,INGERRAND.BSE,2093.95,2189.05,2203.25,2220.1499,2162.75,2143.25,2150.55,2158.5,2141.45,2148.8999,2103.3999,2047.65,1990.15,1904.7,1654.0,1382.0,9063.0,6893.0,5050.0,15323.0,542.0,192.0,11921.0,1638.0
110,ITHL.BSE,209.95,213.25,219.15,214.85,217.8,215.3,215.85,218.4,221.75,226.15,171.0,163.1,148.3,130.55,139.3,97.85,3397.0,3071.0,4106.0,7042.0,7657.0,13151.0,4607.0,3736.0
111,IONEXCHANG.BSE,2090.45,2001.45,2004.3,2017.4,2042.4,2008.7,2031.55,2072.8999,1993.3,2039.1,2151.8999,2130.0,2131.1001,1795.05,1861.4,1815.25,2557.0,1345.0,533.0,477.0,263.0,2560.0,913.0,1028.0
112,ATFL.BSE,771.35,776.5,771.05,786.5,779.4,762.05,781.4,795.7,751.25,726.35,741.2,767.15,764.5,772.55,772.0,790.85,206.0,555.0,329.0,716.0,333.0,455.0,1143.0,9872.0
113,JISLJALEQS.BSE,35.8,35.65,35.9,36.3,35.9,36.0,36.25,36.8,36.15,36.5,36.95,37.8,42.55,40.55,35.7,41.35,125235.0,104587.0,215669.0,236023.0,344860.0,146293.0,119910.0,79371.0
114,JASCH.BSE,190.4,201.4,219.45,200.75,187.9,192.6,180.35,165.4,146.0,148.5,152.0,149.6,161.4,156.95,173.05,153.1,60905.0,67930.0,158089.0,91931.0,37919.0,105075.0,221898.0,343309.0
115,JCTLTD.BSE,3.1,3.12,3.12,3.09,3.12,3.19,3.1,3.15,3.05,3.12,3.06,3.23,3.38,3.49,3.49,3.05,770886.0,839053.0,537518.0,958972.0,379863.0,573295.0,1077431.0,835675.0
116,JINDALPOLY.BSE,844.9,844.25,848.25,849.3,842.95,847.5,840.85,847.95,847.0,883.65,887.0,891.0,927.9,1065.05,1076.0,937.85,6000.0,2471.0,3250.0,2129.0,2926.0,686.0,2168.0,1859.0
117,JSWSTEEL.BSE,674.1,670.25,679.45,644.4,629.2,622.0,628.5,625.85,631.5,666.3,631.8,668.6,685.6,648.85,648.2,576.15,39141.0,67303.0,388033.0,620154.0,16952.0,59908.0,44480.0,66288.0
118,UMANGDAIR.BSE,59.95,59.35,58.9,59.65,60.35,60.2,59.15,60.1,57.65,60.4,60.9,59.1,67.15,60.45,55.6,47.45,627.0,2435.0,52.0,1168.0,1174.0,78.0,3242.0,4627.0
119,KAJARIACER.BSE,1078.0,1069.45,1075.05,1066.2,1091.95,1102.5,1111.3,1118.1,1090.9,1149.75,1184.9,1216.3,1242.95,1172.45,1144.45,927.8,12051.0,6968.0,6205.0,154267.0,6445.0,3109.0,3640.0,37577.0
120,KAKATCEM.BSE,211.65,210.35,203.2,206.95,207.5,209.4,208.85,211.95,213.95,220.25,213.7,216.4,224.2,207.85,215.05,191.65,776.0,2681.0,158.0,412.0,283.0,953.0,1647.0,529.0
121,WHIRLPOOL.BSE,1576.8,1564.7,1581.4,1563.7,1609.15,1593.65,1642.85,1621.9,1553.95,1645.35,1635.15,1656.7,1711.35,1838.6,1780.0,1460.65,3519.0,2285.0,3198.0,6565.0,1654.0,3320.0,1688.0,1321.0
122,KGDENIM.BSE,34.15,33.6,33.7,33.4,34.0,34.4,33.1,32.55,33.15,35.0,34.85,34.2,40.15,39.9,35.15,32.35,6073.0,3358.0,2392.0,2469.0,1047.0,298.0,5660.0,10375.0
123,KINETICENG.BSE,110.55,113.0,116.4,117.8,112.9,108.4,105.5,109.95,107.25,114.8,114.3,111.9,119.55,105.65,72.8,75.1,7355.0,5824.0,5898.0,24062.0,22327.0,1723.0,6902.0,5934.0
124,KIRLOSBROS.BSE,349.55,351.45,354.45,360.1,363.85,371.3,349.95,332.55,335.85,359.7,328.6,328.55,336.35,337.95,343.4,300.45,6100.0,3393.0,2732.0,3250.0,12064.0,7251.0,9624.0,2053.0
125,KIRLOSIND.BSE,1749.15,1771.7,1800.45,1814.8,1819.15,1868.15,1856.0,1836.15,1807.7,1793.65,1733.0,1754.3,1633.45,1540.8,1406.65,1254.0,255.0,481.0,276.0,133.0,393.0,447.0,204.0,307.0
126,KIRLFER.BSE,265.85,261.15,266.05,267.95,266.45,268.75,257.85,265.2,282.15,279.45,275.0,242.7,257.65,263.05,204.65,192.7,27869.0,20956.0,23322.0,12813.0,21464.0,9561.0,37229.0,46398.0
127,ENVAIREL.BSE,36.8,35.05,33.4,31.85,30.35,29.15,27.8,26.5,26.5,29.45,26.65,28.6,32.7,32.25,25.6,24.7,1666.0,221.0,2787.0,2216.0,2219.0,512.0,308.0,0.0
128,KOTAKBANK.BSE,1901.8,1883.7,1869.2,1847.05,1894.85,1902.9,1864.6,1869.35,1858.5,1808.6,1821.25,1862.4,1930.55,1869.4,1884.35,1681.45,31801.0,73572.0,71280.0,64134.0,33174.0,215842.0,34917.0,30372.0
129,KRIFILIND.BSE,4.13,3.94,3.81,3.8,3.99,3.8,4.0,4.2,4.42,4.89,5.12,5.23,5.52,5.53,5.9,6.39,2712.0,1295.0,28.0,574.0,960.0,20.0,0.0,100.0
130,KSB.BSE,2038.8,2095.3501,2036.2,2033.1,2028.3,2079.0,2025.1,2038.75,1985.95,2030.6,2049.95,1855.8,1908.8,1911.65,1545.3,1352.9,2217.0,1481.0,1440.0,724.0,3115.0,42.0,896.0,2880.0
131,LGBBROSLTD.BSE,760.0,751.6,720.95,723.55,723.45,730.45,742.9,739.35,714.9,728.25,768.15,734.25,782.2,696.1,664.05,539.4,6639.0,14011.0,2539.0,6492.0,3319.0,4903.0,8820.0,24007.0
132,TRENT.BSE,1556.85,1529.15,1457.5,1464.0,1433.35,1429.7,1428.85,1425.2,1428.4,1425.7,1389.25,1408.55,1421.15,1390.75,1308.75,1021.05,44419.0,88973.0,15949.0,12893.0,182348.0,2710.0,15388.0,14449.0
133,LAXMIMACH.BSE,12970.5,12855.0996,12588.0,12569.6504,12497.9004,12761.5996,12478.5498,12249.25,11952.2002,12309.2998,12415.6504,11899.0498,12658.4502,11926.4502,10619.3496,8453.55,492.0,820.0,397.0,252.0,11408.0,137.0,727.0,750.0
134,LICHSGFIN.BSE,404.9,421.0,421.95,420.15,415.65,414.1,418.8,410.85,408.5,416.35,415.25,401.85,431.05,401.65,393.85,306.5,155566.0,64773.0,195129.0,538219.0,21175.0,37171.0,153594.0,57962.0
135,LUPIN.BSE,698.35,696.4,703.05,684.85,680.15,679.35,678.9,688.1,690.7,706.55,679.6,648.45,632.15,665.0,638.25,629.75,39505.0,10530.0,44781.0,230779.0,5473.0,13076.0,96524.0,11294.0
136,LYKALABS.BSE,139.2,131.6,135.05,127.95,129.9,129.0,127.05,126.9,128.05,137.0,125.4,131.35,134.8,148.0,135.15,104.6,20345.0,2733.0,22977.0,3669.0,6973.0,4266.0,5028.0,3535.0
137,RAMCOCEM.BSE,721.5,699.1,704.3,708.45,703.25,702.35,708.35,697.05,705.5,724.3,754.05,730.75,762.4,758.75,732.65,601.35,21639.0,6726.0,8482.0,380407.0,6685.0,22821.0,8162.0,9847.0
138,MAFATIND.BSE,327.9,311.8,307.85,325.6,338.35,331.5,330.05,331.35,334.1,364.55,349.0,346.6,377.0,292.9,230.6,194.8,6139.0,3773.0,6146.0,3332.0,2335.0,4195.0,7826.0,2147.0
139,MAHSEAMLES.BSE,780.6,782.75,801.65,801.85,836.65,802.55,786.2,818.85,811.6,816.4,746.55,755.25,847.75,821.0,761.1,581.8,12698.0,13545.0,12079.0,20658.0,32771.0,6472.0,13863.0,21293.0
140,MAHSCOOTER.BSE,5141.9502,5265.3999,5214.8501,5262.3999,5237.1001,5225.6499,5162.5498,5177.3501,5081.75,5125.3999,4915.0,4986.2998,5325.25,4126.85,3950.9,3645.5,1385.0,367.0,734.0,591.0,260.0,334.0,738.0,1910.0
141,MAJESAUT.BSE,129.35,130.4,132.15,132.8,136.8,136.0,135.85,135.7,134.1,138.7,130.0,128.0,128.45,130.95,129.65,126.25,1116.0,7968.0,701.0,3560.0,965.0,587.0,715.0,665.0
142,MANALIPETC.BSE,93.85,95.05,91.9,91.7,91.8,93.0,91.6,91.75,92.8,93.6,91.65,92.6,96.35,94.1,103.05,103.05,34863.0,47522.0,69379.0,58061.0,52806.0,4850.0,45421.0,59353.0
143,MFSL.BSE,718.0,707.65,701.95,677.25,682.55,698.7,698.0,709.55,724.4,750.6,750.4,772.05,849.6,804.2,829.4,800.65,16566.0,15937.0,34746.0,25446.0,336819.0,1831.0,52797.0,30154.0
144,MIDINDIA.BSE,13.01,13.49,13.7,13.37,14.07,13.75,14.15,14.2,14.47,13.85,13.9,13.6,16.25,14.05,22.75,22.35,5215.0,3975.0,2991.0,5959.0,6024.0,36.0,3466.0,4981.0
145,MIRCELECTR.BSE,18.5,18.55,16.2,16.4,16.1,16.0,16.25,16.05,16.75,18.15,17.05,17.9,17.75,17.67,14.43,12.33,76296.0,246295.0,34836.0,12347.0,31416.0,32979.0,36844.0,55490.0
146,CENTENKA.BSE,426.1,427.1,430.95,431.55,440.4,436.2,453.1,453.8,453.35,461.2,475.0,444.25,460.15,471.6,459.6,437.85,6009.0,2719.0,12013.0,9336.0,4605.0,19573.0,5577.0,3263.0
147,LORDSCHLO.BSE,278.9,292.65,288.05,274.35,261.3,248.9,262.0,275.75,301.2,298.45,327.0,379.0,329.9,240.25,208.65,162.25,20556.0,20851.0,11546.0,23945.0,44910.0,10442.0,42698.0,21514.0
148,SPICEJET.BSE,39.95,39.8,40.0,40.25,40.8,40.7,38.9,39.2,38.45,40.4,39.0,40.1,43.75,46.7,44.4,40.8,188532.0,176025.0,302822.0,263273.0,115916.0,310884.0,248457.0,198721.0
149,MOREPENLAB.BSE,26.65,26.65,26.7,26.6,26.8,26.95,27.1,27.05,27.05,26.9,23.9,31.35,33.15,35.05,36.0,36.1,160836.0,133852.0,191700.0,93769.0,262052.0,99256.0,143207.0,151931.0
150,MRF.BSE,90792.6016,89318.25,87419.7969,87334.1484,86225.1016,86166.8984,84231.25,83167.2969,82297.7031,82318.6484,81832.7031,82599.5469,85990.0,85438.1016,88268.5,68088.85,566.0,1107.0,279.0,2450.0,151.0,1792.0,571.0,346.0
151,HEIDELBERG.BSE,199.2,189.65,187.55,189.3,190.75,184.8,181.8,187.8,196.3,199.4,189.5,208.25,190.75,192.95,186.3,166.0,292829.0,55406.0,36640.0,24242.0,29936.0,37269.0,43077.0,62018.0
152,NCC.BSE,74.6,73.95,73.7,73.45,72.15,71.7,72.4,73.1,70.0,72.05,71.7,70.9,70.85,68.45,62.25,54.15,138893.0,158774.0,170794.0,529562.0,97677.0,250487.0,215579.0,908681.0
153,VEDL.BSE,280.9,284.85,288.25,280.05,281.8,280.1,282.75,277.3,279.95,297.1,270.05,279.6,290.6,265.5,252.45,236.0,694117.0,728431.0,1201855.0,1064893.0,191362.0,286206.0,596031.0,245371.0
154,NAHARSPING.BSE,275.7,283.15,286.5,285.05,293.0,289.6,295.55,300.2,292.6,307.6,304.4,324.05,335.0,359.4,318.7,298.8,6112.0,3736.0,4769.0,4874.0,1024.0,3132.0,1440.0,5833.0
155,NATPEROX.BSE,1598.85,1576.75,1597.2,1629.25,1612.6,1623.65,1623.2,1625.55,1644.65,1688.5,1722.6,1730.35,1761.15,1498.25,1405.5,1318.55,661.0,868.0,3873.0,1119.0,369.0,775.0,245.0,250.0
156,GRASIM.BSE,1762.55,1722.75,1684.6,1724.0,1715.2,1697.55,1675.45,1689.05,1686.45,1646.6,1650.0,1665.5,1748.95,1675.35,1584.6,1325.3,37945.0,22728.0,9289.0,20401.0,245090.0,3486.0,21031.0,10697.0
157,PEL.BSE,849.35,847.2,849.25,831.0,842.8,848.2,841.2,826.25,804.45,823.0,864.0,954.0,964.65,2030.7,1729.35,1646.3,21424.0,13741.0,44083.0,374276.0,13227.0,18072.0,54987.0,46674.0
158,NIITLTD.BSE,281.4,278.9,274.3,281.45,279.8,285.25,282.0,283.8,282.55,308.65,310.35,313.2,322.85,347.75,358.0,386.75,12756.0,32230.0,75575.0,48280.0,17370.0,1182.0,30210.0,20488.0
159,JAYKAY.BSE,56.5,57.05,57.4,58.5,59.8,58.9,59.7,58.9,59.9,62.65,62.35,64.1,64.4,67.95,60.0,57.0,17613.0,13633.0,35501.0,13164.0,10912.0,22865.0,12089.0,26191.0
160,NIRLON.BSE,370.3,370.4,368.7,370.5,370.55,370.6,369.6,370.1,356.05,352.3,354.9,358.1,367.25,387.5,382.05,365.75,267.0,893.0,1673.0,1078.0,2869.0,1012.0,1147.0,1560.0
161,ONGC.BSE,134.0,133.7,131.7,130.65,132.85,131.5,129.7,127.7,127.8,133.25,126.85,128.65,131.2,136.55,136.6,139.2,605767.0,705111.0,498413.0,2654674.0,75380.0,1174935.0,487365.0,275095.0
162,OILCOUNTUB.BSE,25.7,24.5,23.35,22.25,21.2,20.2,19.25,18.35,16.7,15.7,17.85,14.03,11.02,9.27,8.32,7.71,166821.0,40205.0,119814.0,59809.0,13049.0,19217.0,115360.0,66753.0
163,ORIENTHOT.BSE,75.35,70.75,72.4,72.75,72.65,72.7,71.9,73.2,75.25,77.5,81.0,72.15,76.6,67.15,66.25,54.2,129133.0,65604.0,45491.0,33327.0,63579.0,13777.0,88854.0,73322.0
164,OSWALAGRO.BSE,46.6,46.15,45.25,44.2,44.65,45.65,45.45,44.15,40.75,41.45,41.15,38.4,42.0,36.65,38.6,32.05,49080.0,25106.0,14190.0,13863.0,10768.0,4670.0,49797.0,40537.0
165,INDSUCR.BSE,62.3,63.7,64.75,64.95,66.8,68.6,65.15,61.2,59.75,59.45,60.9,61.8,64.5,60.55,61.55,56.2,15380.0,11852.0,6041.0,10270.0,12941.0,27248.0,68742.0,6070.0
166,PILITA.BSE,7.79,7.79,7.82,7.82,7.81,7.86,7.81,7.8,7.82,7.98,7.96,8.09,8.74,8.95,7.97,7.75,48454.0,83908.0,43901.0,38261.0,134287.0,21176.0,35979.0,74713.0
167,RAYMOND.BSE,1195.15,1160.45,1125.4,1099.65,1113.45,1134.45,1168.05,1152.85,1135.85,1140.7,1026.05,1069.9,1147.05,952.55,989.65,882.55,33411.0,18833.0,24187.0,11572.0,16861.0,24720.0,11733.0,15109.0
168,PIDILITIND.BSE,2584.3,2561.8,2566.45,2618.6499,2644.45,2636.7,2688.3999,2665.45,2690.55,2644.25,2690.5,2801.1001,2802.2,2663.8,2520.2,2100.9,35853.0,30726.0,26550.0,149502.0,3032.0,7730.0,16013.0,39073.0
169,PIXTRANS.BSE,857.75,832.7,865.3,864.0,873.2,864.0,879.45,910.15,842.65,876.55,880.2,864.75,871.85,907.35,972.25,787.6,4135.0,2667.0,246.0,2129.0,132.0,2780.0,2770.0,9637.0
170,BIRLACORPN.BSE,922.4,903.2,898.45,912.45,920.0,900.2,910.75,933.65,902.5,928.4,954.4,1022.6,1083.9,976.85,1002.65,851.95,12177.0,5850.0,7745.0,19730.0,3227.0,6679.0,4922.0,6484.0
171,SURYAROSNI.BSE,414.2,417.15,428.6,424.75,439.5,436.05,434.8,447.5,448.85,473.2,460.45,458.05,491.8,457.35,375.25,356.45,11384.0,11935.0,13408.0,6964.0,6538.0,2954.0,7814.0,8453.0
172,PRIMESECU.BSE,101.7,106.1,103.15,103.8,102.1,99.15,98.1,100.55,106.0,99.0,97.3,98.85,104.7,107.2,114.9,94.8,1327.0,1038.0,1982.0,568.0,552.0,208.0,259.0,1802.0
173,PRSMJOHNSN.BSE,125.8,122.65,122.55,125.7,124.6,123.5,123.1,123.3,124.65,124.85,127.6,122.75,136.7,127.6,119.45,103.45,19234.0,4102.0,6022.0,24340.0,34810.0,51.0,21221.0,10897.0
174,RAIN.BSE,167.15,161.45,165.7,164.0,165.25,164.6,167.6,165.15,166.0,172.45,163.55,170.45,177.4,200.2,191.3,140.5,190217.0,39550.0,31126.0,71669.0,8244.0,96757.0,27285.0,24872.0
175,AMJLAND.BSE,30.0,28.75,29.3,26.6,26.6,27.0,27.8,27.95,28.25,28.9,27.75,29.55,29.4,32.05,25.75,25.6,12781.0,6860.0,30109.0,266.0,1.0,15973.0,698.0,1185.0
176,PUNJCOMMU.BSE,32.75,32.55,32.95,32.6,31.95,33.8,32.85,32.15,32.9,32.75,33.6,34.1,35.2,35.75,38.9,34.25,6678.0,1141.0,2288.0,3364.0,2403.0,99.0,974.0,559.0
177,RSWM.BSE,318.9,315.6,319.65,318.35,318.8,320.4,314.95,320.1,323.9,326.15,333.45,341.75,351.1,419.1,400.2,338.35,4426.0,3343.0,6188.0,1638.0,1729.0,2991.0,16336.0,2535.0
178,RAJSREESUG.BSE,35.0,34.45,34.35,34.35,34.25,34.25,34.65,34.2,33.8,37.05,32.5,32.0,33.4,34.65,37.05,30.15,1936.0,6198.0,4888.0,2072.0,884.0,1049.0,1590.0,7948.0
179,RALLIS.BSE,227.05,226.55,227.95,226.8,232.75,233.8,233.55,225.85,218.8,212.55,206.25,211.85,224.1,226.65,217.5,188.8,7029.0,6500.0,14145.0,32217.0,43747.0,27048.0,48980.0,169603.0
180,RAMANEWS.BSE,15.9,15.85,15.9,15.4,15.45,15.55,15.5,15.4,15.55,16.2,15.8,15.4,16.5,17.1,16.4,14.85,9339.0,3493.0,6364.0,9106.0,3109.0,216.0,4250.0,3060.0
181,RAMAPPR-B.BSE,28.9,29.0,28.95,28.45,27.65,28.95,30.4,31.95,34.05,35.65,37.5,36.55,32.9,22.4,20.4,21.05,4099.0,508.0,2827.0,4315.0,3115.0,1023.0,1976.0,2834.0
182,RAMAPETRO.BSE,5.49,5.49,5.49,5.49,5.49,5.49,5.49,5.23,5.23,5.23,5.23,5.4,5.02,4.42,4.4,6.11,0.0,0.0,0.0,0.0,0.0,0.0,50.0,0.0
183,RAPICUT.BSE,54.05,54.35,52.95,60.0,56.75,59.3,60.2,59.3,55.0,54.6,52.5,55.95,58.5,52.6,56.3,56.05,7485.0,15648.0,30160.0,3881.0,1745.0,941.0,1783.0,6967.0
184,WELSPLSOL.BSE,16.6,16.85,16.9,16.95,16.75,17.35,16.75,16.8,17.05,17.05,16.5,16.25,17.15,16.9,17.0,15.2,106952.0,54790.0,20982.0,88947.0,22081.0,1563.0,73948.0,53627.0
185,ROLTA.BSE,4.03,4.06,4.1,4.11,4.13,4.11,4.12,4.14,4.1,4.36,4.3,4.5,4.7,4.81,4.59,4.02,101516.0,74129.0,68509.0,46388.0,21552.0,70218.0,45468.0,40678.0
186,RUBFILA.BSE,87.9,88.4,88.2,89.1,89.3,87.75,86.1,87.85,90.0,91.25,87.3,86.85,94.55,96.9,79.65,76.5,25789.0,45850.0,21338.0,26900.0,22505.0,14293.0,51528.0,65412.0
187,PATANJALI.BSE,1410.2,1411.35,1430.45,1442.5,1442.9,1436.0,1418.7,1419.85,1421.55,1394.45,1325.5,1373.0,1334.75,1131.85,1131.2,992.15,30831.0,9948.0,6755.0,13951.0,29005.0,3641.0,11382.0,7672.0
188,SALORAINTL.BSE,36.3,38.2,38.25,37.5,36.45,37.9,37.9,36.1,37.2,38.45,38.2,38.2,41.9,42.0,39.5,35.55,1650.0,24.0,870.0,165.0,202.0,2.0,573.0,701.0
189,JINDALSAW.BSE,79.05,77.9,78.4,79.25,79.35,80.15,79.15,79.3,82.0,84.75,81.45,84.4,86.4,86.55,89.15,76.2,93115.0,71433.0,48637.0,50321.0,40704.0,13823.0,57110.0,64595.0
190,JKLAKSHMI.BSE,585.45,553.05,550.4,558.25,561.5,536.9,533.55,535.45,545.7,553.85,568.6,563.35,620.95,481.1,462.85,417.2,52404.0,16251.0,16567.0,20561.0,51837.0,2482.0,7323.0,8900.0
191,SHREECEM.BSE,22656.6504,22741.8008,21767.3496,21516.9492,21292.8496,21037.6504,20939.4492,21886.9004,20959.9004,20806.4004,20738.5996,20738.0508,23376.4004,22114.9492,20928.1992,18488.95,2271.0,2455.0,1180.0,752.0,10956.0,280.0,2066.0,2465.0
192,SKPMIL.BSE,29.35,29.9,29.95,30.0,31.3,30.0,30.65,29.35,30.35,31.65,29.9,29.05,27.7,21.6,16.55,19.95,2.0,44.0,698.0,720.0,1405.0,11.0,521.0,96.0
193,RELINFRA.BSE,140.6,141.8,141.8,141.85,141.45,142.45,139.1,141.1,138.85,157.25,136.95,144.1,156.6,139.85,128.65,94.4,37569.0,36662.0,100582.0,29503.0,25699.0,121247.0,33068.0,50781.0
194,SPMLINFRA.BSE,32.25,32.35,33.0,33.2,33.8,32.25,33.35,32.55,30.4,32.1,33.9,36.4,36.1,44.85,38.3,32.15,3621.0,2671.0,4717.0,2877.0,2703.0,3058.0,20704.0,62481.0
195,SUNDRMFAST.BSE,936.65,911.2,907.25,899.9,899.85,903.4,884.4,903.1,924.5,928.45,907.35,899.05,902.15,835.15,841.75,682.35,4081.0,3115.0,1639.0,275292.0,625.0,3284.0,9814.0,3421.0
196,SUNFLAG.BSE,81.8,82.45,82.9,81.4,82.0,80.8,81.3,81.35,81.5,84.5,80.9,85.05,88.1,87.3,83.5,81.0,9466.0,35296.0,27320.0,16750.0,1517.0,27331.0,11217.0,16988.0
197,SPLPETRO.BSE,776.6,754.5,690.95,711.9,732.55,730.0,720.5,713.1,735.95,765.45,760.2,746.45,776.55,809.65,826.4,851.1,19929.0,39744.0,10051.0,3858.0,8116.0,205.0,2166.0,6055.0
198,SWARAJENG.BSE,1586.05,1597.0,1601.0,1598.1,1586.0,1570.75,1543.65,1545.7,1617.15,1664.6,1577.5,1585.75,1695.25,1575.95,1574.75,1572.75,1704.0,4270.0,179.0,361.0,80.0,711.0,752.0,1899.0
199,TATAELXSI.BSE,6956.3501,6997.6499,6877.1499,7021.25,7187.2002,7309.6499,7260.2002,7370.3501,7203.4502,8509.5996,8312.7998,8535.4502,8695.1504,9346.5,8838.4502,7492.1001,22847.0,39679.0,31247.0,40315.0,53594.0,4921.0,13681.0,30271.0
200,ACC.BSE,2390.3501,2324.3,2313.05,2245.25,2256.3999,2256.25,2286.8,2245.95,2269.7,2370.25,2408.55,2488.5,2614.8,2285.1499,2226.3,2085.3,13941.0,19667.0,13672.0,74616.0,1694.0,11311.0,15822.0,33740.0
201,THERMAX.BSE,2167.3501,2096.3999,2100.0,2074.2,2112.0,2084.1001,1997.85,2084.75,2039.0,2120.95,2169.7,2397.1001,2563.3501,2449.6001,2091.25,1977.7,9756.0,3341.0,4061.0,145493.0,1413.0,8205.0,6845.0,4636.0
202,TIRUMALCHM.BSE,189.5,188.3,187.85,194.4,209.2,213.5,211.1,212.7,212.05,217.25,210.35,215.85,232.65,235.05,223.55,238.3,34850.0,61672.0,104593.0,132135.0,44767.0,11625.0,16635.0,15740.0
203,THOMASCOOK.BSE,74.4,75.35,75.7,76.4,76.1,78.0,77.15,78.6,78.45,77.9,72.7,74.0,74.4,72.2,69.1,56.65,18886.0,17813.0,18727.0,7844.0,22876.0,9967.0,8210.0,21172.0
204,TIMEX.BSE,104.2,103.35,103.85,104.0,103.75,104.95,103.2,103.5,103.65,109.45,105.9,108.2,113.05,89.65,72.55,59.8,91245.0,27399.0,32680.0,29362.0,28537.0,30302.0,25351.0,36038.0
205,TOKYOPLAST.BSE,99.45,100.55,99.05,98.7,98.3,98.95,97.95,99.2,100.2,96.3,97.05,96.45,104.45,101.2,89.0,86.9,3223.0,3877.0,496.0,2928.0,45.0,190.0,800.0,654.0
206,TORNTPHARM.BSE,1649.7,1600.7,1599.85,1578.45,1568.6,1578.0,1593.7,1577.85,1580.65,1594.25,1558.65,1515.3,1477.35,1535.05,1515.6,2824.2,8481.0,3979.0,3098.0,88717.0,1147.0,3420.0,4096.0,1835.0
207,TRANSCHEM.BSE,26.0,26.35,26.75,27.1,27.05,28.85,27.4,27.8,28.7,29.75,28.5,30.4,29.5,20.45,20.95,17.95,1185.0,3171.0,651.0,311.0,4589.0,784.0,1128.0,2382.0
208,AMBUJACEM.BSE,533.1,519.95,527.7,513.0,516.95,512.25,517.55,510.55,520.8,522.5,515.45,539.35,516.3,397.1,378.75,359.2,318853.0,318019.0,253742.0,747324.0,35269.0,388246.0,149055.0,220448.0
209,UTLINDS.BSE,3.71,3.63,3.67,3.75,3.73,3.74,3.79,3.83,3.57,3.41,3.62,3.95,4.01,3.68,3.56,3.68,58415.0,25525.0,15871.0,26403.0,26734.0,13999.0,31540.0,60994.0
210,UNIPHOS.BSE,132.2,133.35,132.7,133.6,134.25,133.15,136.3,135.95,135.85,130.0,133.05,130.1,141.9,136.15,139.3,613.5,63.0,1816.0,322.0,643.0,169.0,203.0,380.0,1364.0
211,VHL.BSE,3056.55,3033.45,3068.95,3087.8999,3044.8501,3049.1001,3047.45,3068.25,3060.0,3122.3999,3141.1499,3029.8999,3340.55,3057.45,2949.55,2757.7,793.0,92.0,25.0,22.0,12.0,466.0,524.0,519.0
212,HINDALCO.BSE,405.65,404.85,412.3,398.15,395.6,393.7,395.2,390.4,388.3,407.4,391.0,396.4,414.05,432.7,418.3,339.2,423409.0,147783.0,257289.0,1573899.0,25070.0,228351.0,302654.0,201919.0
213,WSTCSTPAPR.BSE,605.9,609.25,601.5,606.5,587.65,578.85,572.4,582.05,576.7,525.75,486.35,476.9,558.75,609.9,486.95,299.7,31257.0,43453.0,23481.0,71163.0,36615.0,11885.0,17259.0,13254.0
214,HOCL.BSE,27.7,27.8,27.7,27.65,27.7,27.75,27.55,27.7,27.5,28.35,28.3,27.85,29.35,30.55,31.85,26.75,11796.0,12587.0,27026.0,21154.0,7820.0,12001.0,10584.0,28284.0
215,MPILCORPL.BSE,227.0,217.0,207.0,207.0,207.0,207.0,215.7,227.05,238.95,221.3,225.25,252.0,259.9,228.0,208.05,250.0,4.0,3.0,0.0,0.0,0.0,282.0,4.0,10.0
216,PASUPTAC.BSE,33.3,33.0,33.0,32.65,32.6,33.0,32.85,33.2,33.6,34.45,34.7,35.4,38.3,37.0,35.0,31.4,16984.0,32644.0,21040.0,40612.0,10793.0,12854.0,16027.0,14470.0
217,KORE.BSE,14.32,14.6,13.95,14.35,14.8,14.95,14.8,15.2,15.55,18.15,16.25,15.59,13.52,13.11,9.43,2.29,46694.0,27509.0,27830.0,38982.0,51689.0,15392.0,39110.0,83360.0
218,PGHH.BSE,14058.7998,14117.7998,14148.0498,14148.7002,13941.5,13992.2998,13865.75,13810.4004,13875.4502,13920.3496,13878.7998,14635.3496,14329.0,14203.75,14969.9502,13327.5498,402.0,123.0,524.0,81.0,50.0,301.0,110.0,123.0
219,MUKANDLTD.BSE,102.45,107.05,107.75,106.5,102.2,100.6,100.0,100.0,100.85,103.0,99.9,103.15,113.3,113.35,122.15,104.05,3869.0,13449.0,17272.0,9980.0,1179.0,4081.0,691.0,519.0
220,BBOX.BSE,159.45,159.3,162.15,161.75,166.5,163.6,165.25,167.8,169.3,156.55,136.05,137.85,146.45,130.6,134.15,137.0,3316.0,1202.0,12046.0,1636.0,6017.0,4324.0,3819.0,1446.0
221,UCALFUEL.BSE,128.85,130.45,124.75,123.85,124.0,125.1,122.25,122.5,123.9,128.35,121.2,128.15,137.25,136.2,122.35,105.0,6561.0,2180.0,676.0,902.0,1679.0,1767.0,703.0,3213.0
222,HARRMALAYA.BSE,137.5,136.25,139.25,139.6,140.75,137.65,138.65,139.2,139.6,147.15,145.0,150.6,163.7,163.0,160.2,134.75,7024.0,3528.0,1166.0,1022.0,1550.0,831.0,1805.0,926.0
223,FEDERALBNK.BSE,131.45,131.15,134.55,134.25,134.75,132.6,130.3,131.2,131.5,121.3,118.6,116.75,121.6,113.8,110.8,87.8,692639.0,521137.0,643777.0,3107052.0,429570.0,1351175.0,454301.0,618636.0
224,TATASTEEL.BSE,101.55,101.55,104.2,101.15,101.2,100.15,100.9,100.05,99.55,103.25,99.3,104.25,105.8,106.2,106.95,884.25,1897296.0,3814661.0,3699848.0,3108326.0,496638.0,2488930.0,3573785.0,2331137.0
225,SKFINDIA.BSE,4400.0,4332.5498,4406.4502,4457.75,4516.2002,4446.0498,4489.0,4556.5,4529.9502,4632.6499,4710.75,4464.7002,4597.4502,4806.5,4440.3501,3278.25,1285.0,1997.0,930.0,42360.0,769.0,1874.0,1250.0,551.0
226,ASHOKLEY.BSE,153.25,149.1,147.9,147.4,144.5,143.0,144.75,146.8,148.05,154.25,152.65,159.4,160.55,147.55,148.6,136.75,508166.0,471805.0,615852.0,2707644.0,164737.0,735783.0,436782.0,388854.0
227,CUMMINSIND.BSE,1347.45,1348.4,1292.4,1254.5,1225.25,1209.4,1210.05,1210.1,1209.6,1200.1,1182.45,1189.2,1201.45,1206.6,1179.8,963.75,45498.0,70305.0,49880.0,27808.0,196148.0,2057.0,11332.0,4504.0
228,TATACOMM.BSE,1258.95,1237.95,1225.6,1232.65,1226.85,1209.9,1210.05,1209.7,1195.0,1219.6,1150.3,1166.0,1202.9,1156.65,1058.6,885.5,28829.0,19343.0,9888.0,203760.0,3824.0,19760.0,17359.0,25038.0
229,ABBOTINDIA.BSE,19258.5996,18909.4492,18857.25,18462.9004,18358.75,18480.3496,18173.1992,18190.1504,18078.3008,18803.0508,19121.5,17854.75,17552.6992,18823.0996,20531.8008,18122.5,540.0,485.0,383.0,450.0,78.0,625.0,303.0,514.0
230,BAJAJHLDNG.BSE,6663.8999,6592.8501,6576.1001,6494.7998,6472.0,6435.3999,6468.3501,6728.3501,6609.6499,6716.1001,6391.0,6840.3501,6778.7,5414.9,5301.55,4595.65,2273.0,2798.0,2318.0,5505.0,529.0,7282.0,3951.0,2493.0
231,BHARATFORG.BSE,834.7,833.15,820.75,806.55,786.25,778.75,788.8,781.05,773.25,778.15,695.4,747.2,746.3,726.35,751.0,647.4,95543.0,43345.0,87482.0,265304.0,11283.0,20519.0,29249.0,59453.0
232,ESCORTS.BSE,2039.8,1995.9,2017.75,2002.15,1982.7,1989.75,1991.15,1990.15,1968.6,2099.55,2129.0,2076.7,1929.9,1754.75,1633.85,1511.0,10689.0,7319.0,12145.0,10442.0,2568.0,10217.0,4979.0,13677.0
233,HINDMOTORS.BSE,16.15,16.2,16.1,15.9,16.1,16.15,15.85,15.8,15.85,16.15,17.1,15.15,16.25,16.8,16.3,18.95,36042.0,85754.0,60472.0,80032.0,53507.0,27800.0,46486.0,248795.0
234,LT.BSE,2023.95,1974.65,1964.3,1947.9,1910.1,1875.55,1904.25,1904.9,1883.8,1908.7,1848.7,1857.45,1919.6,1877.8,1792.5,1500.65,146029.0,82548.0,152981.0,90248.0,15037.0,39941.0,25087.0,37826.0
235,M&M.BSE,20.85,21.01,20.93,20.8,20.57,19.9,19.46,18.58,18.97,17.54,17.3,15.82,16.55,18.06,18.78,20.96,9142830.0,7230127.0,7415146.0,10667646.0,10034819.0,12838153.0,13622302.0,8580095.0
236,BOSCHLTD.BSE,16478.4492,16117.4004,15749.7998,15658.9004,15610.0996,15556.6504,15795.0996,15672.2002,15523.5,15766.7998,15825.0498,16228.75,16929.1504,17202.9492,17824.0508,13668.1,1773.0,1198.0,959.0,335.0,119.0,442.0,404.0,335.0
237,PREMIER.BSE,3.74,3.7,3.75,3.59,3.5,3.5,3.62,3.78,3.66,3.72,3.88,4.4,4.6,4.09,4.2,4.2,36940.0,6039.0,3195.0,17682.0,0.0,5170.0,38472.0,1201.0
238,BPCL.BSE,303.6,303.25,305.6,302.6,300.75,298.25,297.3,292.2,296.85,304.6,304.9,311.95,321.25,329.95,335.0,301.4,62405.0,191034.0,292770.0,890089.0,28785.0,180309.0,295412.0,184299.0
239,SIEMENS.BSE,2923.55,2918.3501,2880.8501,2834.55,2818.8501,2812.8,2875.05,2884.8501,2744.1001,2774.8999,2770.05,2854.3999,2962.1001,2883.95,2734.3999,2343.8999,15152.0,9862.0,5122.0,72789.0,2707.0,4408.0,53707.0,21460.0
240,TATAMOTORS.BSE,412.6,409.85,407.65,404.6,401.55,397.95,398.05,399.05,396.1,395.95,404.65,423.05,432.4,459.05,476.05,397.6,438862.0,587444.0,1113968.0,704716.0,150584.0,416859.0,753648.0,608584.0
241,VOLTAS.BSE,876.1,871.45,874.2,866.4,866.1,865.85,868.2,875.0,869.6,899.95,906.4,900.25,913.95,997.05,999.6,981.2,44686.0,21450.0,14786.0,339585.0,9720.0,13093.0,15593.0,33595.0
242,GESHIP.BSE,553.05,556.2,548.95,530.95,526.3,510.05,517.5,506.55,519.85,529.85,533.75,490.15,529.75,549.65,514.75,367.65,10887.0,42605.0,28805.0,9685.0,264523.0,1208.0,11445.0,30711.0
243,DEEPAKFERT.BSE,923.15,965.65,968.85,991.65,1019.1,1017.0,1030.85,1039.05,965.7,896.7,878.25,834.15,886.2,952.7,799.0,575.1,32559.0,18430.0,54949.0,58780.0,49511.0,14623.0,105527.0,211042.0
244,EXCELINDUS.BSE,1178.8,1187.1,1171.25,1196.25,1187.3,1212.65,1206.7,1211.7,1224.5,1248.75,1233.95,1252.6,1387.65,1392.0,1283.9,1129.65,4299.0,1122.0,11678.0,2282.0,1682.0,577.0,1872.0,1602.0
245,GRWRHITECH.BSE,690.45,682.55,684.55,682.1,670.65,675.05,672.8,692.5,711.35,725.7,737.75,670.2,738.6,804.7,847.8,645.0,2075.0,4823.0,1169.0,2291.0,1459.0,1362.0,2394.0,840.0
246,GLAXO.BSE,1377.4,1378.4,1367.55,1362.25,1373.35,1356.85,1361.15,1367.6,1373.35,1392.95,1424.3,1404.2,1431.7,1472.15,1416.0,1515.1,3959.0,2340.0,1411.0,2406.0,1223.0,2180.0,3747.0,3013.0
247,GNFC.BSE,706.6,708.9,700.8,718.75,720.4,727.25,727.35,727.6,708.65,651.55,635.25,627.35,687.55,746.35,754.0,571.6,30235.0,27836.0,26196.0,42317.0,36306.0,7295.0,55785.0,29019.0
248,NOVARTIND.BSE,677.85,680.0,675.6,685.15,683.9,681.05,674.0,676.4,678.65,683.15,675.0,681.4,710.15,740.25,735.8,601.55,595.0,1004.0,502.0,2264.0,83.0,166.0,413.0,1714.0
249,SANOFI.BSE,5634.2998,5612.8501,5567.8501,5601.8999,5577.7998,5639.9502,5563.1499,5558.0,5695.7002,5854.1499,6005.4502,5879.1001,6015.6499,6241.0498,6592.3999,6503.3,1026.0,582.0,949.0,560.0,1042.0,234.0,1004.0,3492.0
250,PFIZER.BSE,4379.5,4361.3999,4375.5498,4347.0,4342.5,4343.3501,4344.3999,4356.8501,4346.5,4441.8999,4261.5,4202.8999,4191.1499,4151.45,4234.2,4099.4,829.0,443.0,814.0,180.0,321.0,541.0,433.0,788.0
251,GSFC.BSE,123.9,123.0,122.95,125.1,128.05,129.65,127.5,129.4,131.1,127.15,128.25,125.15,135.35,165.4,161.5,136.6,88000.0,432720.0,178139.0,373837.0,113472.0,22170.0,95694.0,52397.0
252,HINDUNILVR.BSE,2548.05,2525.2,2517.3,2504.3501,2574.2,2655.05,2600.1001,2582.6001,2591.6499,2604.05,2696.8501,2679.3,2528.3501,2576.2,2634.6001,2204.8999,70913.0,119988.0,110196.0,83249.0,40345.0,45530.0,40688.0,48754.0
253,AKZOINDIA.BSE,2144.2,2136.8501,2129.6001,2119.95,2139.3999,2133.05,2117.1001,2152.25,2150.3999,2225.45,2183.1499,2150.3501,2142.3501,1934.8,1950.35,1784.2,255.0,442.0,187.0,1435.0,2571.0,342.0,674.0,799.0
254,NOCIL.BSE,242.7,245.85,248.7,256.6,257.75,257.95,264.05,254.45,253.0,262.3,252.7,258.5,265.5,261.8,273.2,243.65,50604.0,50849.0,48097.0,53241.0,26966.0,39198.0,38262.0,19016.0
255,TATACHEM.BSE,1142.95,1132.5,1131.75,1188.05,1180.1,1157.1,1143.3,1158.7,1166.3,1165.2,1093.7,1063.4,1102.2,1110.15,937.05,793.95,54800.0,149834.0,265886.0,52784.0,314700.0,11118.0,48910.0,37561.0
256,TNPETRO.BSE,95.4,95.7,96.45,96.75,97.15,95.95,97.15,97.6,97.1,99.75,98.55,101.7,104.45,102.95,99.25,86.5,17197.0,14742.0,17278.0,18441.0,7200.0,6701.0,6092.0,5706.0
257,ZUARIIND.BSE,155.35,160.5,162.8,166.45,165.8,165.65,163.6,163.65,164.1,170.6,162.3,159.1,173.45,188.75,162.8,128.3,2120.0,4112.0,1596.0,5352.0,2985.0,10.0,5222.0,365.0
